{"reward": 11.348757130552258, "_timestamp": 1683779589.9755988, "_runtime": 6231.497867822647, "_step": 2000}