{"model-loss": 2771892.0, "_timestamp": 1683694413.100677, "_runtime": 378.87361001968384, "_step": 7, "_wandb": {"runtime": 380}}