{"reward": 115.54487527372413, "_timestamp": 1683773482.2058482, "_runtime": 79030.80816030502, "_step": 4000}